﻿pos_x,pos_y,rotation,side,designator,mpn,pack,value,mount_type,place
112.15,-34.544,0.0,top,H1,,MountingHole_3.5mm_Pad,MountingHole,tht,False
32.75,-34.544,0.0,top,H2,,MountingHole_3.5mm_Pad,MountingHole,tht,False
30.395916,-61.976,0.0,top,H3,,MountingHole_2.1mm,MountingHole,tht,False
58.166,-61.976,0.0,top,H4,,MountingHole_2.1mm,MountingHole,tht,False
95.504,-35.052,90.0,bottom,J1,,PinSocket_2x25_P2.00mm_Vertical,X68030 Internal SCSI Connector,tht,True
70.602565,-48.349328,0.0,top,J2,,DSUB-25_Female_Horizontal_P2.77x2.84mm_EdgePinOffset7.70mm_Housed_MountingHolesOffset9.12mm,DB25_Plug_MountingHoles,tht,True
